erin1,erdenechimeg@jarvis.mn,88111978,secret
erin2,enkhjargal@jarvis.mn,88111978,secret
urantes.g,munkhbat@jarvis.mn,88111978,secret
misheel,misheel@jarvis.mn,88111978,secret
khongorzul,khongorzul@jarvis.mn,88111978,secret
munkhtsetseg,munkhtsetseg@jarvis.mn,88111978,secret
ankhbayar,ankhbayar@jarvis.mn,88111978,secret
munkhjargal,munkhjargal@jarvis.mn,88111978,secret
ganzorig,ganzorig@jarvis.mn,88111978,secret
anujin,anujin@jarvis.mn,88111978,secret
narantsetseg,narantsetseg@jarvis.mn,88111978,secret
purevsuren,purevsuren@jarvis.mn,88111978,secret
ganbold,ganbold@jarvis.mn,88111978,secret
nandinerdene,nandinerdene@jarvis.mn,88111978,secret
battsetseg,battsetseg@jarvis.mn,88111978,secret
batjargal,batjargal@jarvis.mn,88111978,secret
enkhbayar,enkhbayar@jarvis.mn,88111978,secret
narantuyaa,narantuyaa@jarvis.mn,88111978,secret
bayarsaikhan,bayarsaikhan@jarvis.mn,88111978,secret
uyanga,uyanga@jarvis.mn,88111978,secret
byambasuren,byambasuren@jarvis.mn,88111978,secret
altangerel,altangerel@jarvis.mn,88111978,secret
bayarmaa,bayarmaa@jarvis.mn,88111978,secret
oyuntsetseg,oyuntsetseg@jarvis.mn,88111978,secret
ganbaatar,ganbaatar@jarvis.mn,88111978,secret
myagmarsuren,myagmarsuren@jarvis.mn,88111978,secret
khuslen,khuslen@jarvis.mn,88111978,secret
battulga,battulga@jarvis.mn,88111978,secret
nergui,nergui@jarvis.mn,88111978,secret
munkhzul,munkhzul@jarvis.mn,88111978,secret
solongo,solongo@jarvis.mn,88111978,secret
ganchimeg,ganchimeg@jarvis.mn,88111978,secret
uranchimeg,uranchimeg@jarvis.mn,88111978,secret
naraa,naranbaatar.avir@erinsystems,88222111,secret
admin,naranbaatar.avir@erinsystems,88222111,secret
admin1,naranbaatar.avir@erinsystems,88222111,secret
manager,naranbaatar.avir@erinsystems,88222111,manager
manager1,naranbaatar.avir@erinsystems,88222111,secret
super,naranbaatar.avir@erinsystems,88222111,super
super1,naranbaatar.avir@erinsystems,88222111,secret
employer,naranbaatar.avir@erinsystems,88222111,employer
employer1,naranbaatar.avir@erinsystems,88222111,secret
admin2,naranbaatar.avir@erinsystems,88222111,secret
admin3,naranbaatar.avir@erinsystems,88222111,secret
super2,naranbaatar.avir@erinsystems,88222111,secret
super3,naranbaatar.avir@erinsystems,88222111,secret
employer2,naranbaatar.avir@erinsystems,88222111,secret
employer3,naranbaatar.avir@erinsystems,88222111,secret
